Reading Order,Screen ID,Year,Title,DOI,Screening Rationale,Direct DOI / Publisher Link
1,S0736,2025,Gyro-based Neural Single Image Deblurring,10.1109/CVPR52734.2025.02152,"The paper directly addresses the use of gyro sensor data to improve deblurring and proposes methods to handle real-world sensor noise, which is central to the thesis question.",https://doi.org/10.1109/CVPR52734.2025.02152
2,S1441,2024,INformer: Inertial-Based Fusion Transformer for Camera Shake Deblurring,10.1109/TIP.2024.3461967,"The paper directly addresses how IMU data can be integrated into a deep learning framework to improve camera shake deblurring, addressing a core component of the thesis.",https://doi.org/10.1109/TIP.2024.3461967
3,S1496,2024,IMU-Assisted Accurate Blur Kernel Re-Estimation in Non-Uniform Camera Shake Deblurring,10.1109/TIP.2024.3411819,The paper directly addresses the core research question by using IMU data to model nonlinear relationships between blur kernels for more accurate non-uniform deblurring.,https://doi.org/10.1109/TIP.2024.3411819
4,S2357,2022,DeblurExpandNet: image motion deblurring network aided by inertial sensor data,10.1007/s11760-021-02067-1,The paper directly addresses the core research question by using inertial sensor data to provide motion priors for deep learning-based deblurring.,https://doi.org/10.1007/s11760-021-02067-1
5,S2464,2022,Semi-Blind Image de-blurring with IMU Prior,10.1109/ICIEA54703.2022.10006252,"The paper directly addresses using IMU measurements as a prior to improve deblurring for autonomous systems, which is a central component of the research question.",https://doi.org/10.1109/ICIEA54703.2022.10006252
6,S2584,2021,Robust Single Image Deblurring Using Gyroscope Sensor,10.1109/ACCESS.2021.3084968,"The paper directly addresses the use of gyroscope sensor data to improve deblurring performance via adaptive convolutional kernel shapes, which is central to the thesis's motion-aware objective.",https://doi.org/10.1109/ACCESS.2021.3084968
7,S2937,2019,Gyroscope-aided motion deblurring with deep networks,10.1109/WACV.2019.00208,This paper directly addresses the integration of gyroscope data into deep learning models for deblurring and evaluates the improvement in downstream perception tasks.,https://doi.org/10.1109/WACV.2019.00208
8,S3029,2019,SID: Sensor-Assisted Image Deblurring System for Mobile Devices,10.1109/ACCESS.2019.2937137,"The paper directly investigates using IMU and gyroscope data to estimate the PSF for sensor-assisted deblurring, addressing a core component of the thesis.",https://doi.org/10.1109/ACCESS.2019.2937137
9,S3276,2016,Image Deblurring Using Smartphone Inertial Sensors,10.1109/CVPR.2016.205,"The paper directly addresses the methodology of using noisy inertial sensor data to reconstruct spatially-variant PSFs for deblurring, which is central to the motion-aware aspect of the thesis.",https://doi.org/10.1109/CVPR.2016.205
10,S3403,2014,Sensor-assisted image deblurring of consumer photos on smartphones,10.1109/ICME.2014.6890123,"The paper directly addresses the use of IMU and gyroscope data to estimate the PSF for deblurring, providing a technical precedent for the thesis's core mechanism.",https://doi.org/10.1109/ICME.2014.6890123
11,S2808,2020,Image Deblurring Utilizing Inertial Sensors and a Short-Long-Short Exposure Strategy,10.1109/TIP.2020.2973499,The paper directly addresses the core thesis question by demonstrating how inertial sensor data can be integrated with exposure strategies to improve motion blur kernel estimation.,https://doi.org/10.1109/TIP.2020.2973499
12,S2836,2020,A dataset for deep image deblurring aided by inertial sensor data,10.2352/ISSN.2470-1173.2020.14.COIMG-379,The paper introduces a specialized synthetic dataset designed for training and evaluating deep learning models that utilize inertial sensor data for image deblurring.,https://doi.org/10.2352/ISSN.2470-1173.2020.14.COIMG-379
13,S1409,2024,RT-Deblur: real-time image deblurring for object detection,10.1007/s00371-023-02991-y,"The paper provides a highly relevant task-driven approach that optimizes deblurring specifically for object detection accuracy and real-time constraints, serving as a key image-only baseline.",https://doi.org/10.1007/s00371-023-02991-y
14,S2286,2022,Blur-Robust Object Detection Using Feature-Level Deblurring via Self-Guided Knowledge Distillation,10.1109/ACCESS.2022.3194898,"The paper presents a task-driven approach using feature-level deblurring and knowledge distillation to enhance object detection robustness, directly supporting the perception-centric goal of the thesis.",https://doi.org/10.1109/ACCESS.2022.3194898
15,S2526,2021,Deblur-YOLO: Real-Time Object Detection with Efficient Blind Motion Deblurring,10.1109/IJCNN52387.2021.9534352,The paper presents a task-driven deblurring approach that uses a detection discriminator to optimize image restoration specifically for downstream object detection performance.,https://doi.org/10.1109/IJCNN52387.2021.9534352
16,S2646,2021,Research on the Influence of Camera Velocity on Image Blur and a Method to Improve Object Detection Precision,10.1109/ICCSI53130.2021.9736224,The paper quantifies how camera velocity impacts object detection performance and uses deep learning deblurring to improve task-specific perception on a mobile platform.,https://doi.org/10.1109/ICCSI53130.2021.9736224
17,S2600,2021,Plug-and-Play Deblurring for Robust Object Detection,10.1109/VCIP53242.2021.9675437,The paper directly addresses the task-driven deblurring aspect by integrating blur-specific features into a detection network to improve robustness and efficiency.,https://doi.org/10.1109/VCIP53242.2021.9675437
18,S3523,2012,Evaluation of image deblurring methods via a classification metric,10.1117/12.979199,"The paper proposes evaluating deblurring quality via downstream task performance (classification/OCR), which directly addresses the task-driven perception component of the research.",https://doi.org/10.1117/12.979199
19,S3109,2018,Dynamics-based motion deblurring improves the performance of optical character recognition during fast scanning of a robotic eye,10.1109/TMECH.2018.2791473,The paper demonstrates that incorporating robotic dynamics into the deblurring process significantly improves the accuracy of downstream OCR tasks.,https://doi.org/10.1109/TMECH.2018.2791473
20,S2344,2022,Assessing the Impact of Image Quality on Object-Detection Algorithms,10.2352/EI.2022.34.9.IQSP-334,"The paper quantifies the impact of authentic motion blur on object detection failure rates, supporting the task-driven perception aspect of the thesis.",https://doi.org/10.2352/EI.2022.34.9.IQSP-334
21,S0630,2025,DREB-Net: Dual-Stream Restoration Embedding Blur-Feature Fusion Network for High-Mobility UAV Object Detection,10.1109/TGRS.2025.3543270,The paper explores task-driven deblurring for UAV object detection and addresses computational trade-offs by making the restoration branch optional during inference.,https://doi.org/10.1109/TGRS.2025.3543270
22,S0123,2026,LDA-YOLO: a lightweight deblurring-aware network for real-time object detection in blurred aerial images,10.1007/s11554-025-01815-7,The paper directly addresses the task-driven aspect of the thesis by integrating a deblurring module into an object detection pipeline for real-time UAV perception.,https://doi.org/10.1007/s11554-025-01815-7
23,S1258,2025,Real-Time Aerial Image Deblurring and Detection with a Lightweight Ghost Module,10.1109/AANN66429.2025.11257681,"It presents a lightweight, task-driven deblurring-detection pipeline for UAVs, serving as a vital image-only baseline for comparing restoration-perception trade-offs.",https://doi.org/10.1109/AANN66429.2025.11257681
24,S2976,2019,Feature Detection Performance Based Benchmarking of Motion Deblurring Methods: Applications to Vision for Legged Robots,10.1016/j.imavis.2019.01.002,The paper directly addresses the restoration-perception trade-off by proposing a feature-detection-based metric to evaluate deblurring performance in the context of legged robotic motion.,https://doi.org/10.1016/j.imavis.2019.01.002
25,S1696,2024,SharpSLAM: 3D Object-Oriented Visual SLAM with Deblurring for Agile Drones,10.1109/Telepresence63209.2024.10841668,"The paper demonstrates how deblurring improves downstream robotic perception tasks, including object detection, segmentation, and 3D reconstruction for agile drones.",https://doi.org/10.1109/Telepresence63209.2024.10841668
26,S0387,2026,IMU-Augmented Optical Image Deblurring and Its Application in Visual SLAM; [IMU增强的光学图像去模糊与视觉SLAM应用],10.3788/AOS252302,The paper directly addresses the thesis goal by using IMU data to guide deblurring and evaluating the impact on downstream robotic perception via Visual SLAM.,https://doi.org/10.3788/AOS252302
27,S1579,2024,Improved ORB-SLAM algorithm with deblurring image,10.1109/IC2ECS64405.2024.10928419,The paper directly investigates using IMU attitude data to inform a deblurring process (Wiener filtering) to improve the performance of a downstream robotic task (SLAM).,https://doi.org/10.1109/IC2ECS64405.2024.10928419
28,S1531,2024,MECFNet: Reconstruct Sharp Image for UAV-Based Crack Detection,10.1109/TITS.2024.3401754,The paper directly addresses the intersection of motion-aware deblurring (using motion fields and event data) and task-driven perception (crack detection) on a robotic platform (UAV).,https://doi.org/10.1109/TITS.2024.3401754
29,S1551,2024,Inspection of Wind Turbine Blades Using Image Deblurring and Deep Learning Segmentation,10.1117/12.3009721,The study demonstrates a task-driven pipeline where deblurring is utilized to enhance the performance of downstream defect segmentation in a robotic inspection context.,https://doi.org/10.1117/12.3009721
30,S2762,2020,Slimdeblurgan-based motion deblurring and marker detection for autonomous drone landing,10.3390/s20143918,"The paper presents a task-driven deblurring-for-detection pipeline optimized for real-time UAV deployment via model pruning, serving as a relevant baseline for image-only task-driven approaches.",https://doi.org/10.3390/s20143918
31,S3678,2006,Motion deblurring for a power transmission line inspection robot,10.1007/978-3-540-37275-2_108,The paper proposes a motion-informed PSF estimation and deblurring approach specifically to improve obstacle detection for a robotic inspection system.,https://doi.org/10.1007/978-3-540-37275-2_108
32,S3180,2017,Deep multi-scale convolutional neural network for dynamic scene deblurring,10.1109/CVPR.2017.35,"Provides a strong deep-learning baseline for image-only non-uniform deblurring in dynamic scenes, essential for comparison against sensor-assisted methods.",https://doi.org/10.1109/CVPR.2017.35
33,S3076,2018,Scale-Recurrent Network for Deep Image Deblurring,10.1109/CVPR.2018.00853,Provides a strong deep-learning-based image-only baseline necessary to address the comparison in the primary research question.,https://doi.org/10.1109/CVPR.2018.00853
34,S2184,2022,Deep Image Deblurring: A Survey,10.1007/s11263-022-01633-5,"This survey provides a comprehensive overview of state-of-the-art deep learning deblurring methods, which is essential for establishing the image-only baseline for comparison.",https://doi.org/10.1007/s11263-022-01633-5
35,S1570,2024,Deep Learning for Single Image Deblurring,10.1109/INOCON60754.2024.10511410,This comprehensive survey provides a necessary foundation for understanding state-of-the-art image-only deep learning deblurring methods to serve as a baseline for comparison.,https://doi.org/10.1109/INOCON60754.2024.10511410
36,S2181,2022,Restormer: Efficient Transformer for High-Resolution Image Restoration,10.1109/CVPR52688.2022.00564,"It provides a state-of-the-art deep learning architecture for single-image motion deblurring, serving as an essential image-only baseline for the thesis's comparative analysis.",https://doi.org/10.1109/CVPR52688.2022.00564
37,S2183,2022,Uformer: A General U-Shaped Transformer for Image Restoration,10.1109/CVPR52688.2022.01716,Uformer is a state-of-the-art deep-learning architecture that provides a strong image-only baseline for motion deblurring.,https://doi.org/10.1109/CVPR52688.2022.01716
38,S1986,2023,Edgeformer: Edge-Enhanced Transformer for High-Quality Image Deblurring,10.1109/ICME55011.2023.00093,It provides a state-of-the-art image-only blind deblurring method that serves as a critical baseline for comparing the efficacy of motion-aware/sensor-assisted approaches.,https://doi.org/10.1109/ICME55011.2023.00093
39,S1830,2023,Rethinking Image Deblurring via CNN-Transformer Multiscale Hybrid Architecture,10.1109/TIM.2022.3230482,"It provides a state-of-the-art image-only baseline that evaluates deblurring effectiveness via downstream perception tasks, which is essential for comparison with sensor-assisted methods.",https://doi.org/10.1109/TIM.2022.3230482
40,S0628,2025,Image Deblurring by Exploring In-Depth Properties of Transformer,10.1109/TNNLS.2024.3359810,Provides a state-of-the-art deep learning baseline for motion deblurring that is essential for comparing image-only performance against sensor-assisted methods.,https://doi.org/10.1109/TNNLS.2024.3359810
41,S2456,2022,Image deblurring via multi-scale feature fusion and multi-input multi-output encoder-decoder; [结合多尺度特征融合和多输入多输出编 -解码器的去模糊算法],10.3788/IRLA20220018,Provides a state-of-the-art image-only deep learning deblurring baseline necessary for comparison against sensor-assisted approaches.,https://doi.org/10.3788/IRLA20220018
42,S0294,2026,Dual Attention XYDeblur: Attention-Guided Divide-and-Conquer Strategy for Image Deblurring,10.1109/ACCESS.2026.3660952,"This paper provides a state-of-the-art image-only deep learning baseline for blind deblurring, which is critical for the comparative analysis against motion-aware robotic methods.",https://doi.org/10.1109/ACCESS.2026.3660952
43,S0786,2025,Hidformer: A Frequency-Domain Transformer for High-Resolution Image Deblurring in IoT Devices,10.1109/JIOT.2025.3572049,Provides an efficient high-resolution deblurring method that serves as a relevant image-only baseline for comparing computational trade-offs against motion-aware approaches in edge/robotic settings.,https://doi.org/10.1109/JIOT.2025.3572049
44,S1168,2025,FDMK-Net: A Frequency-Decoupling and Modulation Network with Kernel Prior Guidance for Image Deblurring,10.1109/ICRSA66467.2025.11383826,Provides a state-of-the-art deep learning approach for deblurring that serves as a necessary image-only baseline for the thesis's comparison.,https://doi.org/10.1109/ICRSA66467.2025.11383826
45,S2864,2020,Deblurring approach for motion camera combining FFT with α-confidence goal optimization,10.37190/OA200202,"Direct motion-camera deblurring paper. It estimates the PSF using FFT-based processing, reduces deconvolution artifacts, and validates on synthetic and real motion-blurred images. Manually resolved after JSON parse failure.",https://doi.org/10.37190/OA200202
